DATE,DGS10
21/2/2012,2.05
22/2/2012,2.01
23/2/2012,1.99
24/2/2012,1.98
27/2/2012,1.92
28/2/2012,1.94
29/2/2012,1.98
1/3/2012,2.03
2/3/2012,1.99
5/3/2012,2
6/3/2012,1.96
7/3/2012,1.98
8/3/2012,2.03
9/3/2012,2.04
12/3/2012,2.04
13/3/2012,2.14
14/3/2012,2.29
15/3/2012,2.29
16/3/2012,2.31
19/3/2012,2.39
20/3/2012,2.38
21/3/2012,2.31
22/3/2012,2.29
23/3/2012,2.25
26/3/2012,2.26
27/3/2012,2.2
28/3/2012,2.21
29/3/2012,2.18
30/3/2012,2.23
2/4/2012,2.22
3/4/2012,2.3
4/4/2012,2.25
5/4/2012,2.19
9/4/2012,2.06
10/4/2012,2.01
11/4/2012,2.05
12/4/2012,2.08
13/4/2012,2.02
16/4/2012,2
17/4/2012,2.03
18/4/2012,2
19/4/2012,1.98
20/4/2012,1.99
23/4/2012,1.96
24/4/2012,2
25/4/2012,2.01
26/4/2012,1.98
27/4/2012,1.96
30/4/2012,1.95
1/5/2012,1.98
2/5/2012,1.96
3/5/2012,1.96
4/5/2012,1.91
7/5/2012,1.92
8/5/2012,1.88
9/5/2012,1.87
10/5/2012,1.89
11/5/2012,1.84
14/5/2012,1.78
15/5/2012,1.76
16/5/2012,1.76
17/5/2012,1.7
18/5/2012,1.71
21/5/2012,1.75
22/5/2012,1.79
23/5/2012,1.73
24/5/2012,1.77
25/5/2012,1.75
29/5/2012,1.74
30/5/2012,1.63
31/5/2012,1.59
1/6/2012,1.47
4/6/2012,1.53
5/6/2012,1.57
6/6/2012,1.66
7/6/2012,1.66
8/6/2012,1.65
11/6/2012,1.6
12/6/2012,1.67
13/6/2012,1.61
14/6/2012,1.64
15/6/2012,1.6
18/6/2012,1.59
19/6/2012,1.64
20/6/2012,1.65
21/6/2012,1.63
22/6/2012,1.69
25/6/2012,1.63
26/6/2012,1.66
27/6/2012,1.65
28/6/2012,1.6
29/6/2012,1.67
2/7/2012,1.61
3/7/2012,1.65
5/7/2012,1.62
6/7/2012,1.57
9/7/2012,1.53
10/7/2012,1.53
11/7/2012,1.54
12/7/2012,1.5
13/7/2012,1.52
16/7/2012,1.5
17/7/2012,1.53
18/7/2012,1.52
19/7/2012,1.54
20/7/2012,1.49
23/7/2012,1.47
24/7/2012,1.44
25/7/2012,1.43
26/7/2012,1.45
27/7/2012,1.58
30/7/2012,1.53
31/7/2012,1.51
1/8/2012,1.56
2/8/2012,1.51
3/8/2012,1.6
6/8/2012,1.59
7/8/2012,1.66
8/8/2012,1.68
9/8/2012,1.69
10/8/2012,1.65
13/8/2012,1.65
14/8/2012,1.73
15/8/2012,1.8
16/8/2012,1.83
17/8/2012,1.81
20/8/2012,1.82
21/8/2012,1.8
22/8/2012,1.71
23/8/2012,1.68
24/8/2012,1.68
27/8/2012,1.65
28/8/2012,1.64
29/8/2012,1.66
30/8/2012,1.63
31/8/2012,1.57
4/9/2012,1.59
5/9/2012,1.6
6/9/2012,1.68
7/9/2012,1.67
10/9/2012,1.68
11/9/2012,1.7
12/9/2012,1.77
13/9/2012,1.75
14/9/2012,1.88
17/9/2012,1.85
18/9/2012,1.82
19/9/2012,1.79
20/9/2012,1.8
21/9/2012,1.77
24/9/2012,1.74
25/9/2012,1.7
26/9/2012,1.64
27/9/2012,1.66
28/9/2012,1.65
1/10/2012,1.64
2/10/2012,1.64
3/10/2012,1.64
4/10/2012,1.7
5/10/2012,1.75
9/10/2012,1.74
10/10/2012,1.72
11/10/2012,1.7
12/10/2012,1.69
15/10/2012,1.7
16/10/2012,1.75
17/10/2012,1.83
18/10/2012,1.86
19/10/2012,1.79
22/10/2012,1.83
23/10/2012,1.79
24/10/2012,1.8
25/10/2012,1.86
26/10/2012,1.78
29/10/2012,1.74
31/10/2012,1.72
1/11/2012,1.75
2/11/2012,1.75
5/11/2012,1.72
6/11/2012,1.78
7/11/2012,1.68
8/11/2012,1.62
9/11/2012,1.61
12/11/2012,1.61
13/11/2012,1.59
14/11/2012,1.59
15/11/2012,1.58
16/11/2012,1.58
19/11/2012,1.61
20/11/2012,1.66
21/11/2012,1.69
23/11/2012,1.7
26/11/2012,1.66
27/11/2012,1.64
28/11/2012,1.63
29/11/2012,1.62
30/11/2012,1.62
3/12/2012,1.63
4/12/2012,1.62
5/12/2012,1.6
6/12/2012,1.59
7/12/2012,1.64
10/12/2012,1.63
11/12/2012,1.66
12/12/2012,1.72
13/12/2012,1.74
14/12/2012,1.72
17/12/2012,1.78
18/12/2012,1.84
19/12/2012,1.82
20/12/2012,1.81
21/12/2012,1.77
24/12/2012,1.79
26/12/2012,1.77
27/12/2012,1.74
28/12/2012,1.73
31/12/2012,1.78
2/1/2013,1.86
3/1/2013,1.92
4/1/2013,1.93
7/1/2013,1.92
8/1/2013,1.89
9/1/2013,1.88
10/1/2013,1.91
11/1/2013,1.89
14/1/2013,1.89
15/1/2013,1.86
16/1/2013,1.84
17/1/2013,1.89
18/1/2013,1.87
22/1/2013,1.86
23/1/2013,1.86
24/1/2013,1.88
25/1/2013,1.98
28/1/2013,2
29/1/2013,2.03
30/1/2013,2.03
31/1/2013,2.02
1/2/2013,2.04
4/2/2013,2
5/2/2013,2.04
6/2/2013,2
7/2/2013,1.99
8/2/2013,1.99
11/2/2013,1.99
12/2/2013,2.02
13/2/2013,2.05
14/2/2013,2
15/2/2013,2.01
19/2/2013,2.03
20/2/2013,2.02
21/2/2013,1.99
22/2/2013,1.97
25/2/2013,1.88
26/2/2013,1.88
27/2/2013,1.91
28/2/2013,1.89
1/3/2013,1.86
4/3/2013,1.88
5/3/2013,1.9
6/3/2013,1.95
7/3/2013,2
8/3/2013,2.06
11/3/2013,2.07
12/3/2013,2.03
13/3/2013,2.04
14/3/2013,2.04
15/3/2013,2.01
18/3/2013,1.96
19/3/2013,1.92
20/3/2013,1.96
21/3/2013,1.95
22/3/2013,1.93
25/3/2013,1.93
26/3/2013,1.92
27/3/2013,1.87
28/3/2013,1.87
1/4/2013,1.86
2/4/2013,1.88
3/4/2013,1.83
4/4/2013,1.78
5/4/2013,1.72
8/4/2013,1.76
9/4/2013,1.78
10/4/2013,1.84
11/4/2013,1.82
12/4/2013,1.75
15/4/2013,1.72
16/4/2013,1.75
17/4/2013,1.73
18/4/2013,1.72
19/4/2013,1.73
22/4/2013,1.72
23/4/2013,1.74
24/4/2013,1.73
25/4/2013,1.74
26/4/2013,1.7
29/4/2013,1.7
30/4/2013,1.7
1/5/2013,1.66
2/5/2013,1.66
3/5/2013,1.78
6/5/2013,1.8
7/5/2013,1.82
8/5/2013,1.81
9/5/2013,1.81
10/5/2013,1.9
13/5/2013,1.92
14/5/2013,1.96
15/5/2013,1.94
16/5/2013,1.87
17/5/2013,1.95
20/5/2013,1.97
21/5/2013,1.94
22/5/2013,2.03
23/5/2013,2.02
24/5/2013,2.01
28/5/2013,2.15
29/5/2013,2.13
30/5/2013,2.13
31/5/2013,2.16
3/6/2013,2.13
4/6/2013,2.14
5/6/2013,2.1
6/6/2013,2.08
7/6/2013,2.17
10/6/2013,2.22
11/6/2013,2.2
12/6/2013,2.25
13/6/2013,2.19
14/6/2013,2.14
17/6/2013,2.19
18/6/2013,2.2
19/6/2013,2.33
20/6/2013,2.41
21/6/2013,2.52
24/6/2013,2.57
25/6/2013,2.6
26/6/2013,2.55
27/6/2013,2.49
28/6/2013,2.52
1/7/2013,2.5
2/7/2013,2.48
3/7/2013,2.52
5/7/2013,2.73
8/7/2013,2.65
9/7/2013,2.65
10/7/2013,2.7
11/7/2013,2.6
12/7/2013,2.61
15/7/2013,2.57
16/7/2013,2.55
17/7/2013,2.52
18/7/2013,2.56
19/7/2013,2.5
22/7/2013,2.5
23/7/2013,2.53
24/7/2013,2.61
25/7/2013,2.61
26/7/2013,2.58
29/7/2013,2.61
30/7/2013,2.63
31/7/2013,2.6
1/8/2013,2.74
2/8/2013,2.63
5/8/2013,2.67
6/8/2013,2.67
7/8/2013,2.61
8/8/2013,2.58
9/8/2013,2.57
12/8/2013,2.61
13/8/2013,2.71
14/8/2013,2.71
15/8/2013,2.77
16/8/2013,2.84
19/8/2013,2.88
20/8/2013,2.82
21/8/2013,2.87
22/8/2013,2.9
23/8/2013,2.82
26/8/2013,2.79
27/8/2013,2.72
28/8/2013,2.78
29/8/2013,2.75
30/8/2013,2.78
3/9/2013,2.86
4/9/2013,2.9
5/9/2013,2.98
6/9/2013,2.94
9/9/2013,2.9
10/9/2013,2.96
11/9/2013,2.93
12/9/2013,2.92
13/9/2013,2.9
16/9/2013,2.88
17/9/2013,2.86
18/9/2013,2.69
19/9/2013,2.76
20/9/2013,2.75
23/9/2013,2.72
24/9/2013,2.67
25/9/2013,2.63
26/9/2013,2.66
27/9/2013,2.64
30/9/2013,2.64
1/10/2013,2.66
2/10/2013,2.63
3/10/2013,2.62
4/10/2013,2.66
7/10/2013,2.65
8/10/2013,2.66
9/10/2013,2.68
10/10/2013,2.71
11/10/2013,2.7
14/10/2013,2.7
15/10/2013,2.75
16/10/2013,2.69
17/10/2013,2.61
18/10/2013,2.6
21/10/2013,2.63
22/10/2013,2.54
23/10/2013,2.51
24/10/2013,2.53
25/10/2013,2.53
28/10/2013,2.54
29/10/2013,2.53
30/10/2013,2.55
31/10/2013,2.57
1/11/2013,2.65
4/11/2013,2.63
5/11/2013,2.69
6/11/2013,2.67
7/11/2013,2.63
8/11/2013,2.77
11/11/2013,2.77
12/11/2013,2.8
13/11/2013,2.75
14/11/2013,2.69
15/11/2013,2.71
18/11/2013,2.67
19/11/2013,2.71
20/11/2013,2.8
21/11/2013,2.79
22/11/2013,2.75
25/11/2013,2.74
26/11/2013,2.71
27/11/2013,2.74
29/11/2013,2.75
2/12/2013,2.81
3/12/2013,2.79
4/12/2013,2.84
5/12/2013,2.88
6/12/2013,2.88
9/12/2013,2.86
10/12/2013,2.81
11/12/2013,2.86
12/12/2013,2.89
13/12/2013,2.88
16/12/2013,2.89
17/12/2013,2.85
18/12/2013,2.89
19/12/2013,2.94
20/12/2013,2.89
23/12/2013,2.94
24/12/2013,2.99
26/12/2013,3
27/12/2013,3.02
30/12/2013,2.99
31/12/2013,3.04
2/1/2014,3
3/1/2014,3.01
6/1/2014,2.98
7/1/2014,2.96
8/1/2014,3.01
9/1/2014,2.97
10/1/2014,2.88
13/1/2014,2.84
14/1/2014,2.88
15/1/2014,2.9
16/1/2014,2.86
17/1/2014,2.84
21/1/2014,2.85
22/1/2014,2.87
23/1/2014,2.79
24/1/2014,2.75
27/1/2014,2.78
28/1/2014,2.77
29/1/2014,2.69
30/1/2014,2.72
31/1/2014,2.67
3/2/2014,2.61
4/2/2014,2.64
5/2/2014,2.7
6/2/2014,2.73
7/2/2014,2.71
10/2/2014,2.7
11/2/2014,2.75
12/2/2014,2.8
13/2/2014,2.73
14/2/2014,2.75
18/2/2014,2.71
19/2/2014,2.73
20/2/2014,2.76
21/2/2014,2.73
24/2/2014,2.75
25/2/2014,2.7
26/2/2014,2.67
27/2/2014,2.65
28/2/2014,2.66
3/3/2014,2.6
4/3/2014,2.7
5/3/2014,2.7
6/3/2014,2.74
7/3/2014,2.8
10/3/2014,2.79
11/3/2014,2.77
12/3/2014,2.73
13/3/2014,2.66
14/3/2014,2.65
17/3/2014,2.7
18/3/2014,2.68
19/3/2014,2.78
20/3/2014,2.79
21/3/2014,2.75
24/3/2014,2.74
25/3/2014,2.75
26/3/2014,2.71
27/3/2014,2.69
28/3/2014,2.73
31/3/2014,2.73
1/4/2014,2.77
2/4/2014,2.82
3/4/2014,2.8
4/4/2014,2.74
7/4/2014,2.71
8/4/2014,2.69
9/4/2014,2.71
10/4/2014,2.65
11/4/2014,2.63
14/4/2014,2.65
15/4/2014,2.64
16/4/2014,2.65
17/4/2014,2.73
21/4/2014,2.73
22/4/2014,2.73
23/4/2014,2.7
24/4/2014,2.7
25/4/2014,2.68
28/4/2014,2.7
29/4/2014,2.71
30/4/2014,2.67
1/5/2014,2.63
2/5/2014,2.6
5/5/2014,2.63
6/5/2014,2.61
7/5/2014,2.62
8/5/2014,2.61
9/5/2014,2.62
12/5/2014,2.66
13/5/2014,2.61
14/5/2014,2.54
15/5/2014,2.5
16/5/2014,2.52
19/5/2014,2.54
20/5/2014,2.52
21/5/2014,2.54
22/5/2014,2.56
23/5/2014,2.54
27/5/2014,2.52
28/5/2014,2.44
29/5/2014,2.45
30/5/2014,2.48
2/6/2014,2.54
3/6/2014,2.6
4/6/2014,2.61
5/6/2014,2.59
6/6/2014,2.6
9/6/2014,2.62
10/6/2014,2.64
11/6/2014,2.65
12/6/2014,2.58
13/6/2014,2.6
16/6/2014,2.61
17/6/2014,2.66
18/6/2014,2.61
19/6/2014,2.64
20/6/2014,2.63
23/6/2014,2.63
24/6/2014,2.59
25/6/2014,2.57
26/6/2014,2.53
27/6/2014,2.54
30/6/2014,2.53
1/7/2014,2.58
2/7/2014,2.64
3/7/2014,2.65
7/7/2014,2.63
8/7/2014,2.58
9/7/2014,2.57
10/7/2014,2.55
11/7/2014,2.53
14/7/2014,2.55
15/7/2014,2.56
16/7/2014,2.55
17/7/2014,2.47
18/7/2014,2.5
21/7/2014,2.49
22/7/2014,2.48
23/7/2014,2.48
24/7/2014,2.52
25/7/2014,2.48
28/7/2014,2.5
29/7/2014,2.47
30/7/2014,2.57
31/7/2014,2.58
1/8/2014,2.52
4/8/2014,2.51
5/8/2014,2.49
6/8/2014,2.49
7/8/2014,2.43
8/8/2014,2.44
11/8/2014,2.44
12/8/2014,2.46
13/8/2014,2.43
14/8/2014,2.4
15/8/2014,2.34
18/8/2014,2.39
19/8/2014,2.4
20/8/2014,2.43
21/8/2014,2.41
22/8/2014,2.4
25/8/2014,2.39
26/8/2014,2.39
27/8/2014,2.37
28/8/2014,2.34
29/8/2014,2.35
2/9/2014,2.42
3/9/2014,2.41
4/9/2014,2.45
5/9/2014,2.46
8/9/2014,2.48
9/9/2014,2.5
10/9/2014,2.54
11/9/2014,2.54
12/9/2014,2.62
15/9/2014,2.6
16/9/2014,2.6
17/9/2014,2.62
18/9/2014,2.63
19/9/2014,2.59
22/9/2014,2.57
23/9/2014,2.54
24/9/2014,2.57
25/9/2014,2.52
26/9/2014,2.54
29/9/2014,2.5
30/9/2014,2.52
1/10/2014,2.42
2/10/2014,2.44
3/10/2014,2.45
6/10/2014,2.43
7/10/2014,2.36
8/10/2014,2.35
9/10/2014,2.34
10/10/2014,2.31
13/10/2014,2.31
14/10/2014,2.21
15/10/2014,2.15
16/10/2014,2.17
17/10/2014,2.22
20/10/2014,2.2
21/10/2014,2.23
22/10/2014,2.25
23/10/2014,2.29
24/10/2014,2.29
27/10/2014,2.27
28/10/2014,2.3
29/10/2014,2.34
30/10/2014,2.32
31/10/2014,2.35
3/11/2014,2.36
4/11/2014,2.35
5/11/2014,2.36
6/11/2014,2.39
7/11/2014,2.32
10/11/2014,2.38
11/11/2014,2.38
12/11/2014,2.37
13/11/2014,2.35
14/11/2014,2.32
17/11/2014,2.34
18/11/2014,2.32
19/11/2014,2.36
20/11/2014,2.34
21/11/2014,2.31
24/11/2014,2.3
25/11/2014,2.27
26/11/2014,2.24
28/11/2014,2.18
1/12/2014,2.22
2/12/2014,2.28
3/12/2014,2.29
4/12/2014,2.25
5/12/2014,2.31
8/12/2014,2.26
9/12/2014,2.22
10/12/2014,2.18
11/12/2014,2.19
12/12/2014,2.1
15/12/2014,2.12
16/12/2014,2.07
17/12/2014,2.14
18/12/2014,2.22
19/12/2014,2.17
22/12/2014,2.17
23/12/2014,2.26
24/12/2014,2.27
26/12/2014,2.25
29/12/2014,2.22
30/12/2014,2.2
31/12/2014,2.17
2/1/2015,2.12
5/1/2015,2.04
6/1/2015,1.97
7/1/2015,1.96
8/1/2015,2.03
9/1/2015,1.98
12/1/2015,1.92
13/1/2015,1.91
14/1/2015,1.86
15/1/2015,1.77
16/1/2015,1.83
20/1/2015,1.82
21/1/2015,1.87
22/1/2015,1.9
23/1/2015,1.81
26/1/2015,1.83
27/1/2015,1.83
28/1/2015,1.73
29/1/2015,1.77
30/1/2015,1.68
2/2/2015,1.68
3/2/2015,1.79
4/2/2015,1.81
5/2/2015,1.83
6/2/2015,1.95
9/2/2015,1.96
10/2/2015,2.01
11/2/2015,2
12/2/2015,1.99
13/2/2015,2.02
17/2/2015,2.14
18/2/2015,2.07
19/2/2015,2.11
20/2/2015,2.13
23/2/2015,2.06
24/2/2015,1.99
25/2/2015,1.96
26/2/2015,2.03
27/2/2015,2
2/3/2015,2.08
3/3/2015,2.12
4/3/2015,2.12
5/3/2015,2.11
6/3/2015,2.24
9/3/2015,2.2
10/3/2015,2.14
11/3/2015,2.11
12/3/2015,2.1
13/3/2015,2.13
16/3/2015,2.1
17/3/2015,2.06
18/3/2015,1.93
19/3/2015,1.98
20/3/2015,1.93
23/3/2015,1.92
24/3/2015,1.88
25/3/2015,1.93
26/3/2015,2.01
27/3/2015,1.95
30/3/2015,1.96
31/3/2015,1.94
1/4/2015,1.87
2/4/2015,1.92
6/4/2015,1.92
7/4/2015,1.89
8/4/2015,1.92
9/4/2015,1.97
10/4/2015,1.96
13/4/2015,1.94
14/4/2015,1.9
15/4/2015,1.91
16/4/2015,1.9
17/4/2015,1.87
20/4/2015,1.9
21/4/2015,1.92
22/4/2015,1.99
23/4/2015,1.96
24/4/2015,1.93
27/4/2015,1.94
28/4/2015,2
29/4/2015,2.06
30/4/2015,2.05
1/5/2015,2.12
4/5/2015,2.16
5/5/2015,2.19
6/5/2015,2.25
7/5/2015,2.18
8/5/2015,2.16
11/5/2015,2.28
12/5/2015,2.28
13/5/2015,2.27
14/5/2015,2.23
15/5/2015,2.14
18/5/2015,2.23
19/5/2015,2.27
20/5/2015,2.26
21/5/2015,2.19
22/5/2015,2.21
26/5/2015,2.14
27/5/2015,2.14
28/5/2015,2.13
29/5/2015,2.12
1/6/2015,2.19
2/6/2015,2.27
3/6/2015,2.38
4/6/2015,2.31
5/6/2015,2.41
8/6/2015,2.39
9/6/2015,2.42
10/6/2015,2.5
11/6/2015,2.39
12/6/2015,2.39
15/6/2015,2.36
16/6/2015,2.32
17/6/2015,2.32
18/6/2015,2.35
19/6/2015,2.26
22/6/2015,2.37
23/6/2015,2.42
24/6/2015,2.38
25/6/2015,2.4
26/6/2015,2.49
29/6/2015,2.33
30/6/2015,2.35
1/7/2015,2.43
2/7/2015,2.4
6/7/2015,2.3
7/7/2015,2.27
8/7/2015,2.22
9/7/2015,2.32
10/7/2015,2.42
13/7/2015,2.44
14/7/2015,2.41
15/7/2015,2.36
16/7/2015,2.36
17/7/2015,2.34
20/7/2015,2.38
21/7/2015,2.35
22/7/2015,2.33
23/7/2015,2.28
24/7/2015,2.27
27/7/2015,2.23
28/7/2015,2.26
29/7/2015,2.29
30/7/2015,2.28
31/7/2015,2.2
3/8/2015,2.16
4/8/2015,2.23
5/8/2015,2.28
6/8/2015,2.23
7/8/2015,2.18
10/8/2015,2.24
11/8/2015,2.15
12/8/2015,2.14
13/8/2015,2.19
14/8/2015,2.2
17/8/2015,2.16
18/8/2015,2.2
19/8/2015,2.12
20/8/2015,2.09
21/8/2015,2.05
24/8/2015,2.01
25/8/2015,2.12
26/8/2015,2.18
27/8/2015,2.18
28/8/2015,2.19
31/8/2015,2.21
1/9/2015,2.17
2/9/2015,2.2
3/9/2015,2.18
4/9/2015,2.13
8/9/2015,2.2
9/9/2015,2.21
10/9/2015,2.23
11/9/2015,2.2
14/9/2015,2.18
15/9/2015,2.28
16/9/2015,2.3
17/9/2015,2.21
18/9/2015,2.13
21/9/2015,2.2
22/9/2015,2.14
23/9/2015,2.16
24/9/2015,2.13
25/9/2015,2.17
28/9/2015,2.1
29/9/2015,2.05
30/9/2015,2.06
1/10/2015,2.05
2/10/2015,1.99
5/10/2015,2.07
6/10/2015,2.05
7/10/2015,2.08
8/10/2015,2.12
9/10/2015,2.12
12/10/2015,2.12
13/10/2015,2.06
14/10/2015,1.99
15/10/2015,2.04
16/10/2015,2.04
19/10/2015,2.04
20/10/2015,2.08
21/10/2015,2.04
22/10/2015,2.04
23/10/2015,2.09
26/10/2015,2.07
27/10/2015,2.05
28/10/2015,2.1
29/10/2015,2.19
30/10/2015,2.16
2/11/2015,2.2
3/11/2015,2.23
4/11/2015,2.25
5/11/2015,2.26
6/11/2015,2.34
9/11/2015,2.36
10/11/2015,2.32
11/11/2015,2.32
12/11/2015,2.32
13/11/2015,2.28
16/11/2015,2.27
17/11/2015,2.25
18/11/2015,2.27
19/11/2015,2.24
20/11/2015,2.26
23/11/2015,2.25
24/11/2015,2.24
25/11/2015,2.23
27/11/2015,2.22
30/11/2015,2.21
1/12/2015,2.15
2/12/2015,2.18
3/12/2015,2.33
4/12/2015,2.28
7/12/2015,2.23
8/12/2015,2.24
9/12/2015,2.22
10/12/2015,2.24
11/12/2015,2.13
14/12/2015,2.23
15/12/2015,2.28
16/12/2015,2.3
17/12/2015,2.24
18/12/2015,2.19
21/12/2015,2.2
22/12/2015,2.24
23/12/2015,2.27
24/12/2015,2.25
28/12/2015,2.24
29/12/2015,2.32
30/12/2015,2.31
31/12/2015,2.27
4/1/2016,2.24
5/1/2016,2.25
6/1/2016,2.18
7/1/2016,2.16
8/1/2016,2.13
11/1/2016,2.17
12/1/2016,2.12
13/1/2016,2.08
14/1/2016,2.1
15/1/2016,2.03
19/1/2016,2.06
20/1/2016,2.01
21/1/2016,2.02
22/1/2016,2.07
25/1/2016,2.03
26/1/2016,2.01
27/1/2016,2.02
28/1/2016,2
29/1/2016,1.94
1/2/2016,1.97
2/2/2016,1.87
3/2/2016,1.88
4/2/2016,1.87
5/2/2016,1.86
8/2/2016,1.75
9/2/2016,1.74
10/2/2016,1.71
11/2/2016,1.63
12/2/2016,1.74
16/2/2016,1.78
17/2/2016,1.81
18/2/2016,1.75
19/2/2016,1.76
22/2/2016,1.77
23/2/2016,1.74
24/2/2016,1.75
25/2/2016,1.71
26/2/2016,1.76
29/2/2016,1.74
1/3/2016,1.83
2/3/2016,1.84
3/3/2016,1.83
4/3/2016,1.88
7/3/2016,1.91
8/3/2016,1.83
9/3/2016,1.9
10/3/2016,1.93
11/3/2016,1.98
14/3/2016,1.97
15/3/2016,1.97
16/3/2016,1.94
17/3/2016,1.91
18/3/2016,1.88
21/3/2016,1.92
22/3/2016,1.94
23/3/2016,1.88
24/3/2016,1.91
28/3/2016,1.89
29/3/2016,1.81
30/3/2016,1.83
31/3/2016,1.78
1/4/2016,1.79
4/4/2016,1.78
5/4/2016,1.73
6/4/2016,1.76
7/4/2016,1.7
8/4/2016,1.72
11/4/2016,1.73
12/4/2016,1.79
13/4/2016,1.77
14/4/2016,1.8
15/4/2016,1.76
18/4/2016,1.78
19/4/2016,1.79
20/4/2016,1.85
21/4/2016,1.88
22/4/2016,1.89
25/4/2016,1.91
26/4/2016,1.94
27/4/2016,1.87
28/4/2016,1.84
29/4/2016,1.83
2/5/2016,1.88
3/5/2016,1.81
4/5/2016,1.79
5/5/2016,1.76
6/5/2016,1.79
9/5/2016,1.77
10/5/2016,1.77
11/5/2016,1.73
12/5/2016,1.75
13/5/2016,1.71
16/5/2016,1.75
17/5/2016,1.76
18/5/2016,1.87
19/5/2016,1.85
20/5/2016,1.85
23/5/2016,1.84
24/5/2016,1.86
25/5/2016,1.87
26/5/2016,1.83
27/5/2016,1.85
31/5/2016,1.84
1/6/2016,1.85
2/6/2016,1.81
3/6/2016,1.71
6/6/2016,1.73
7/6/2016,1.72
8/6/2016,1.71
9/6/2016,1.68
10/6/2016,1.64
13/6/2016,1.62
14/6/2016,1.62
15/6/2016,1.6
16/6/2016,1.57
17/6/2016,1.62
20/6/2016,1.67
21/6/2016,1.71
22/6/2016,1.69
23/6/2016,1.74
24/6/2016,1.57
27/6/2016,1.46
28/6/2016,1.46
29/6/2016,1.5
30/6/2016,1.49
1/7/2016,1.46
5/7/2016,1.37
6/7/2016,1.38
7/7/2016,1.4
8/7/2016,1.37
11/7/2016,1.43
12/7/2016,1.53
13/7/2016,1.48
14/7/2016,1.53
15/7/2016,1.6
18/7/2016,1.59
19/7/2016,1.56
20/7/2016,1.59
21/7/2016,1.57
22/7/2016,1.57
25/7/2016,1.58
26/7/2016,1.57
27/7/2016,1.52
28/7/2016,1.52
29/7/2016,1.46
1/8/2016,1.51
2/8/2016,1.55
3/8/2016,1.55
4/8/2016,1.51
5/8/2016,1.59
8/8/2016,1.59
9/8/2016,1.55
10/8/2016,1.5
11/8/2016,1.57
12/8/2016,1.51
15/8/2016,1.55
16/8/2016,1.57
17/8/2016,1.56
18/8/2016,1.53
19/8/2016,1.58
22/8/2016,1.55
23/8/2016,1.55
24/8/2016,1.56
25/8/2016,1.58
26/8/2016,1.62
29/8/2016,1.57
30/8/2016,1.57
31/8/2016,1.58
1/9/2016,1.57
2/9/2016,1.6
6/9/2016,1.55
7/9/2016,1.54
8/9/2016,1.61
9/9/2016,1.67
12/9/2016,1.68
13/9/2016,1.73
14/9/2016,1.7
15/9/2016,1.71
16/9/2016,1.7
19/9/2016,1.7
20/9/2016,1.69
21/9/2016,1.66
22/9/2016,1.63
23/9/2016,1.62
26/9/2016,1.59
27/9/2016,1.56
28/9/2016,1.57
29/9/2016,1.56
30/9/2016,1.6
3/10/2016,1.63
4/10/2016,1.69
5/10/2016,1.72
6/10/2016,1.75
7/10/2016,1.73
10/10/2016,1.73
11/10/2016,1.77
12/10/2016,1.79
13/10/2016,1.75
14/10/2016,1.8
17/10/2016,1.77
18/10/2016,1.75
19/10/2016,1.76
20/10/2016,1.76
21/10/2016,1.74
24/10/2016,1.77
25/10/2016,1.77
26/10/2016,1.79
27/10/2016,1.85
28/10/2016,1.86
31/10/2016,1.84
1/11/2016,1.83
2/11/2016,1.81
3/11/2016,1.82
4/11/2016,1.79
7/11/2016,1.83
8/11/2016,1.88
9/11/2016,2.07
10/11/2016,2.15
11/11/2016,2.15
14/11/2016,2.23
15/11/2016,2.23
16/11/2016,2.22
17/11/2016,2.29
18/11/2016,2.34
21/11/2016,2.33
22/11/2016,2.31
23/11/2016,2.36
25/11/2016,2.36
28/11/2016,2.32
29/11/2016,2.3
30/11/2016,2.37
1/12/2016,2.45
2/12/2016,2.4
5/12/2016,2.39
6/12/2016,2.39
7/12/2016,2.34
8/12/2016,2.4
9/12/2016,2.47
12/12/2016,2.49
13/12/2016,2.48
14/12/2016,2.54
15/12/2016,2.6
16/12/2016,2.6
19/12/2016,2.54
20/12/2016,2.57
21/12/2016,2.55
22/12/2016,2.55
23/12/2016,2.55
27/12/2016,2.57
28/12/2016,2.51
29/12/2016,2.49
30/12/2016,2.45
3/1/2017,2.45
4/1/2017,2.46
5/1/2017,2.37
6/1/2017,2.42
9/1/2017,2.38
10/1/2017,2.38
11/1/2017,2.38
12/1/2017,2.36
13/1/2017,2.4
17/1/2017,2.33
18/1/2017,2.42
19/1/2017,2.47
20/1/2017,2.48
23/1/2017,2.41
24/1/2017,2.47
25/1/2017,2.53
26/1/2017,2.51
27/1/2017,2.49
30/1/2017,2.49
31/1/2017,2.45
1/2/2017,2.48
2/2/2017,2.48
3/2/2017,2.49
6/2/2017,2.42
7/2/2017,2.4
8/2/2017,2.34
9/2/2017,2.4
10/2/2017,2.41
13/2/2017,2.43
14/2/2017,2.47
15/2/2017,2.51
16/2/2017,2.45
17/2/2017,2.42
21/2/2017,2.43
22/2/2017,2.42
23/2/2017,2.38
24/2/2017,2.31
27/2/2017,2.36
28/2/2017,2.36
1/3/2017,2.46
2/3/2017,2.49
3/3/2017,2.49
6/3/2017,2.49
7/3/2017,2.52
8/3/2017,2.57
9/3/2017,2.6
10/3/2017,2.58
13/3/2017,2.62
14/3/2017,2.6
15/3/2017,2.51
16/3/2017,2.53
17/3/2017,2.5
20/3/2017,2.47
21/3/2017,2.43
22/3/2017,2.4
23/3/2017,2.41
24/3/2017,2.4
27/3/2017,2.38
28/3/2017,2.42
29/3/2017,2.39
30/3/2017,2.42
31/3/2017,2.4
3/4/2017,2.35
4/4/2017,2.36
5/4/2017,2.34
6/4/2017,2.34
7/4/2017,2.38
10/4/2017,2.37
11/4/2017,2.32
12/4/2017,2.28
13/4/2017,2.24
17/4/2017,2.26
18/4/2017,2.18
19/4/2017,2.21
20/4/2017,2.24
21/4/2017,2.24
24/4/2017,2.28
25/4/2017,2.35
26/4/2017,2.32
27/4/2017,2.3
28/4/2017,2.29
1/5/2017,2.33
2/5/2017,2.29
3/5/2017,2.33
4/5/2017,2.36
5/5/2017,2.36
8/5/2017,2.39
9/5/2017,2.42
10/5/2017,2.41
11/5/2017,2.39
12/5/2017,2.33
15/5/2017,2.34
16/5/2017,2.33
17/5/2017,2.22
18/5/2017,2.23
19/5/2017,2.23
22/5/2017,2.25
23/5/2017,2.29
24/5/2017,2.26
25/5/2017,2.25
26/5/2017,2.25
30/5/2017,2.21
31/5/2017,2.21
1/6/2017,2.21
2/6/2017,2.15
5/6/2017,2.18
6/6/2017,2.14
7/6/2017,2.18
8/6/2017,2.19
9/6/2017,2.21
12/6/2017,2.21
13/6/2017,2.21
14/6/2017,2.15
15/6/2017,2.16
16/6/2017,2.16
19/6/2017,2.19
20/6/2017,2.16
21/6/2017,2.16
22/6/2017,2.15
23/6/2017,2.15
26/6/2017,2.14
27/6/2017,2.21
28/6/2017,2.22
29/6/2017,2.27
30/6/2017,2.31
3/7/2017,2.35
5/7/2017,2.33
6/7/2017,2.37
7/7/2017,2.39
10/7/2017,2.38
11/7/2017,2.37
12/7/2017,2.33
13/7/2017,2.35
14/7/2017,2.33
17/7/2017,2.31
18/7/2017,2.27
19/7/2017,2.27
20/7/2017,2.27
21/7/2017,2.24
24/7/2017,2.26
25/7/2017,2.33
26/7/2017,2.29
27/7/2017,2.32
28/7/2017,2.3
31/7/2017,2.3
1/8/2017,2.26
2/8/2017,2.27
3/8/2017,2.24
4/8/2017,2.27
7/8/2017,2.26
8/8/2017,2.29
9/8/2017,2.24
10/8/2017,2.2
11/8/2017,2.19
14/8/2017,2.22
15/8/2017,2.27
16/8/2017,2.23
17/8/2017,2.19
18/8/2017,2.19
21/8/2017,2.18
22/8/2017,2.22
23/8/2017,2.17
24/8/2017,2.19
25/8/2017,2.17
28/8/2017,2.16
29/8/2017,2.13
30/8/2017,2.15
31/8/2017,2.12
1/9/2017,2.16
5/9/2017,2.07
6/9/2017,2.1
7/9/2017,2.05
8/9/2017,2.06
11/9/2017,2.14
12/9/2017,2.17
13/9/2017,2.2
14/9/2017,2.2
15/9/2017,2.2
18/9/2017,2.23
19/9/2017,2.24
20/9/2017,2.28
21/9/2017,2.27
22/9/2017,2.26
25/9/2017,2.22
26/9/2017,2.24
27/9/2017,2.31
28/9/2017,2.31
29/9/2017,2.33
2/10/2017,2.34
3/10/2017,2.33
4/10/2017,2.33
5/10/2017,2.35
6/10/2017,2.37
9/10/2017,2.37
10/10/2017,2.35
11/10/2017,2.35
12/10/2017,2.33
13/10/2017,2.28
16/10/2017,2.3
17/10/2017,2.3
18/10/2017,2.34
19/10/2017,2.33
20/10/2017,2.39
23/10/2017,2.38
24/10/2017,2.42
25/10/2017,2.44
26/10/2017,2.46
27/10/2017,2.42
30/10/2017,2.37
31/10/2017,2.38
1/11/2017,2.37
2/11/2017,2.35
3/11/2017,2.34
6/11/2017,2.32
7/11/2017,2.32
8/11/2017,2.32
9/11/2017,2.33
10/11/2017,2.4
13/11/2017,2.4
14/11/2017,2.38
15/11/2017,2.33
16/11/2017,2.37
17/11/2017,2.35
20/11/2017,2.37
21/11/2017,2.36
22/11/2017,2.32
24/11/2017,2.34
27/11/2017,2.32
28/11/2017,2.34
29/11/2017,2.37
30/11/2017,2.42
1/12/2017,2.37
4/12/2017,2.37
5/12/2017,2.36
6/12/2017,2.33
7/12/2017,2.37
8/12/2017,2.38
11/12/2017,2.39
12/12/2017,2.4
13/12/2017,2.36
14/12/2017,2.35
15/12/2017,2.35
18/12/2017,2.39
19/12/2017,2.46
20/12/2017,2.49
21/12/2017,2.48
22/12/2017,2.48
26/12/2017,2.47
27/12/2017,2.42
28/12/2017,2.43
29/12/2017,2.4
2/1/2018,2.46
3/1/2018,2.44
4/1/2018,2.46
5/1/2018,2.47
8/1/2018,2.49
9/1/2018,2.55
10/1/2018,2.55
11/1/2018,2.54
12/1/2018,2.55
16/1/2018,2.54
17/1/2018,2.57
18/1/2018,2.62
19/1/2018,2.64
22/1/2018,2.66
23/1/2018,2.63
24/1/2018,2.65
25/1/2018,2.63
26/1/2018,2.66
29/1/2018,2.7
30/1/2018,2.73
31/1/2018,2.72
1/2/2018,2.78
2/2/2018,2.84
5/2/2018,2.77
6/2/2018,2.79
7/2/2018,2.84
8/2/2018,2.85
9/2/2018,2.83
12/2/2018,2.86
13/2/2018,2.83
14/2/2018,2.91
15/2/2018,2.9
16/2/2018,2.87
20/2/2018,2.88
21/2/2018,2.94
22/2/2018,2.92
23/2/2018,2.88
26/2/2018,2.86
27/2/2018,2.9
28/2/2018,2.87
1/3/2018,2.81
2/3/2018,2.86
5/3/2018,2.88
6/3/2018,2.88
7/3/2018,2.89
8/3/2018,2.86
9/3/2018,2.9
12/3/2018,2.87
13/3/2018,2.84
14/3/2018,2.81
15/3/2018,2.82
16/3/2018,2.85
19/3/2018,2.85
20/3/2018,2.89
21/3/2018,2.89
22/3/2018,2.83
23/3/2018,2.82
26/3/2018,2.85
27/3/2018,2.78
28/3/2018,2.77
29/3/2018,2.74
2/4/2018,2.73
3/4/2018,2.79
4/4/2018,2.79
5/4/2018,2.83
6/4/2018,2.77
9/4/2018,2.78
10/4/2018,2.8
11/4/2018,2.79
12/4/2018,2.83
13/4/2018,2.82
16/4/2018,2.83
17/4/2018,2.82
18/4/2018,2.87
19/4/2018,2.92
20/4/2018,2.96
23/4/2018,2.98
24/4/2018,3
25/4/2018,3.03
26/4/2018,3
27/4/2018,2.96
30/4/2018,2.95
1/5/2018,2.97
2/5/2018,2.97
3/5/2018,2.94
4/5/2018,2.95
7/5/2018,2.95
8/5/2018,2.97
9/5/2018,3
10/5/2018,2.97
11/5/2018,2.97
14/5/2018,3
15/5/2018,3.08
16/5/2018,3.09
17/5/2018,3.11
18/5/2018,3.06
21/5/2018,3.06
22/5/2018,3.06
23/5/2018,3.01
24/5/2018,2.98
25/5/2018,2.93
29/5/2018,2.77
30/5/2018,2.84
31/5/2018,2.83
1/6/2018,2.89
4/6/2018,2.94
5/6/2018,2.92
6/6/2018,2.97
7/6/2018,2.93
8/6/2018,2.93
11/6/2018,2.96
12/6/2018,2.96
13/6/2018,2.98
14/6/2018,2.94
15/6/2018,2.93
18/6/2018,2.92
19/6/2018,2.89
20/6/2018,2.93
21/6/2018,2.9
22/6/2018,2.9
25/6/2018,2.87
26/6/2018,2.88
27/6/2018,2.83
28/6/2018,2.84
29/6/2018,2.85
2/7/2018,2.87
3/7/2018,2.83
5/7/2018,2.84
6/7/2018,2.82
9/7/2018,2.86
10/7/2018,2.87
11/7/2018,2.85
12/7/2018,2.85
13/7/2018,2.83
16/7/2018,2.85
17/7/2018,2.86
18/7/2018,2.88
19/7/2018,2.84
20/7/2018,2.89
23/7/2018,2.96
24/7/2018,2.95
25/7/2018,2.94
26/7/2018,2.98
27/7/2018,2.96
30/7/2018,2.98
31/7/2018,2.96
1/8/2018,3
2/8/2018,2.98
3/8/2018,2.95
6/8/2018,2.94
7/8/2018,2.98
8/8/2018,2.96
9/8/2018,2.93
10/8/2018,2.87
13/8/2018,2.88
14/8/2018,2.89
15/8/2018,2.86
16/8/2018,2.87
17/8/2018,2.87
20/8/2018,2.82
21/8/2018,2.85
22/8/2018,2.82
23/8/2018,2.82
24/8/2018,2.82
27/8/2018,2.85
28/8/2018,2.88
29/8/2018,2.89
30/8/2018,2.86
31/8/2018,2.86
4/9/2018,2.9
5/9/2018,2.9
6/9/2018,2.88
7/9/2018,2.94
10/9/2018,2.94
11/9/2018,2.98
12/9/2018,2.97
13/9/2018,2.97
14/9/2018,2.99
17/9/2018,2.99
18/9/2018,3.05
19/9/2018,3.08
20/9/2018,3.07
21/9/2018,3.07
24/9/2018,3.08
25/9/2018,3.1
26/9/2018,3.06
27/9/2018,3.06
28/9/2018,3.05
1/10/2018,3.09
2/10/2018,3.05
3/10/2018,3.15
4/10/2018,3.19
5/10/2018,3.23
8/10/2018,3.23
9/10/2018,3.21
10/10/2018,3.22
11/10/2018,3.14
12/10/2018,3.15
15/10/2018,3.16
16/10/2018,3.16
17/10/2018,3.19
18/10/2018,3.17
19/10/2018,3.2
22/10/2018,3.2
23/10/2018,3.17
24/10/2018,3.1
25/10/2018,3.14
26/10/2018,3.08
29/10/2018,3.08
30/10/2018,3.12
31/10/2018,3.15
1/11/2018,3.14
2/11/2018,3.22
5/11/2018,3.2
6/11/2018,3.22
7/11/2018,3.22
8/11/2018,3.24
9/11/2018,3.19
12/11/2018,3.19
13/11/2018,3.14
14/11/2018,3.12
15/11/2018,3.11
16/11/2018,3.08
19/11/2018,3.06
20/11/2018,3.06
21/11/2018,3.06
23/11/2018,3.05
26/11/2018,3.07
27/11/2018,3.06
28/11/2018,3.06
29/11/2018,3.03
30/11/2018,3.01
3/12/2018,2.98
4/12/2018,2.91
6/12/2018,2.87
7/12/2018,2.85
10/12/2018,2.85
11/12/2018,2.89
12/12/2018,2.91
13/12/2018,2.91
14/12/2018,2.89
17/12/2018,2.86
18/12/2018,2.82
19/12/2018,2.77
20/12/2018,2.79
21/12/2018,2.79
24/12/2018,2.74
26/12/2018,2.81
27/12/2018,2.77
28/12/2018,2.72
31/12/2018,2.69
2/1/2019,2.66
3/1/2019,2.56
4/1/2019,2.67
7/1/2019,2.7
8/1/2019,2.73
9/1/2019,2.74
10/1/2019,2.74
11/1/2019,2.71
14/1/2019,2.71
15/1/2019,2.72
16/1/2019,2.73
17/1/2019,2.75
18/1/2019,2.79
22/1/2019,2.74
23/1/2019,2.76
24/1/2019,2.72
25/1/2019,2.76
28/1/2019,2.75
29/1/2019,2.72
30/1/2019,2.7
31/1/2019,2.63
1/2/2019,2.7
4/2/2019,2.73
5/2/2019,2.71
6/2/2019,2.7
7/2/2019,2.65
8/2/2019,2.63
11/2/2019,2.65
12/2/2019,2.68
13/2/2019,2.71
14/2/2019,2.66
15/2/2019,2.66
19/2/2019,2.65
20/2/2019,2.65
21/2/2019,2.69
22/2/2019,2.65
25/2/2019,2.67
26/2/2019,2.64
27/2/2019,2.69
28/2/2019,2.73
1/3/2019,2.76
4/3/2019,2.72
5/3/2019,2.72
6/3/2019,2.69
7/3/2019,2.64
8/3/2019,2.62
11/3/2019,2.64
12/3/2019,2.61
13/3/2019,2.61
14/3/2019,2.63
15/3/2019,2.59
18/3/2019,2.6
19/3/2019,2.61
20/3/2019,2.54
21/3/2019,2.54
22/3/2019,2.44
25/3/2019,2.43
26/3/2019,2.41
27/3/2019,2.39
28/3/2019,2.39
29/3/2019,2.41
1/4/2019,2.49
2/4/2019,2.48
3/4/2019,2.52
4/4/2019,2.51
5/4/2019,2.5
8/4/2019,2.52
9/4/2019,2.51
10/4/2019,2.48
11/4/2019,2.51
12/4/2019,2.56
15/4/2019,2.55
16/4/2019,2.6
17/4/2019,2.59
18/4/2019,2.57
22/4/2019,2.59
23/4/2019,2.57
24/4/2019,2.53
25/4/2019,2.54
26/4/2019,2.51
29/4/2019,2.54
30/4/2019,2.51
1/5/2019,2.52
2/5/2019,2.55
3/5/2019,2.54
6/5/2019,2.51
7/5/2019,2.45
8/5/2019,2.49
9/5/2019,2.45
10/5/2019,2.47
13/5/2019,2.4
14/5/2019,2.42
15/5/2019,2.37
16/5/2019,2.4
17/5/2019,2.39
20/5/2019,2.41
21/5/2019,2.43
22/5/2019,2.39
23/5/2019,2.31
24/5/2019,2.32
28/5/2019,2.26
29/5/2019,2.25
30/5/2019,2.22
31/5/2019,2.14
3/6/2019,2.07
4/6/2019,2.12
5/6/2019,2.12
6/6/2019,2.12
7/6/2019,2.09
10/6/2019,2.15
11/6/2019,2.15
12/6/2019,2.13
13/6/2019,2.1
14/6/2019,2.09
17/6/2019,2.09
18/6/2019,2.06
19/6/2019,2.03
20/6/2019,2.01
21/6/2019,2.07
24/6/2019,2.02
25/6/2019,2
26/6/2019,2.05
27/6/2019,2.01
28/6/2019,2
1/7/2019,2.03
2/7/2019,1.98
3/7/2019,1.96
5/7/2019,2.04
8/7/2019,2.05
9/7/2019,2.07
10/7/2019,2.07
11/7/2019,2.13
12/7/2019,2.12
15/7/2019,2.09
16/7/2019,2.13
17/7/2019,2.06
18/7/2019,2.04
19/7/2019,2.05
22/7/2019,2.05
23/7/2019,2.08
24/7/2019,2.05
25/7/2019,2.08
26/7/2019,2.08
29/7/2019,2.06
30/7/2019,2.06
31/7/2019,2.02
1/8/2019,1.9
2/8/2019,1.86
5/8/2019,1.75
6/8/2019,1.73
7/8/2019,1.71
8/8/2019,1.72
9/8/2019,1.74
12/8/2019,1.65
13/8/2019,1.68
14/8/2019,1.59
15/8/2019,1.52
16/8/2019,1.55
19/8/2019,1.6
20/8/2019,1.55
21/8/2019,1.59
22/8/2019,1.62
23/8/2019,1.52
26/8/2019,1.54
27/8/2019,1.49
28/8/2019,1.47
29/8/2019,1.5
30/8/2019,1.5
3/9/2019,1.47
4/9/2019,1.47
5/9/2019,1.57
6/9/2019,1.55
9/9/2019,1.63
10/9/2019,1.72
11/9/2019,1.75
12/9/2019,1.79
13/9/2019,1.9
16/9/2019,1.84
17/9/2019,1.81
18/9/2019,1.8
19/9/2019,1.79
20/9/2019,1.74
23/9/2019,1.72
24/9/2019,1.64
25/9/2019,1.73
26/9/2019,1.7
27/9/2019,1.69
30/9/2019,1.68
1/10/2019,1.65
2/10/2019,1.6
3/10/2019,1.54
4/10/2019,1.52
7/10/2019,1.56
8/10/2019,1.54
9/10/2019,1.59
10/10/2019,1.67
11/10/2019,1.76
14/10/2019,1.76
15/10/2019,1.77
16/10/2019,1.75
17/10/2019,1.76
18/10/2019,1.76
21/10/2019,1.8
22/10/2019,1.78
23/10/2019,1.77
24/10/2019,1.77
25/10/2019,1.8
28/10/2019,1.85
29/10/2019,1.84
30/10/2019,1.78
31/10/2019,1.69
1/11/2019,1.73
4/11/2019,1.79
5/11/2019,1.86
6/11/2019,1.81
7/11/2019,1.92
8/11/2019,1.94
11/11/2019,1.94
12/11/2019,1.92
13/11/2019,1.88
14/11/2019,1.82
15/11/2019,1.84
18/11/2019,1.81
19/11/2019,1.79
20/11/2019,1.73
21/11/2019,1.77
22/11/2019,1.77
25/11/2019,1.76
26/11/2019,1.74
27/11/2019,1.77
29/11/2019,1.78
2/12/2019,1.83
3/12/2019,1.72
4/12/2019,1.77
5/12/2019,1.8
6/12/2019,1.84
9/12/2019,1.83
10/12/2019,1.85
11/12/2019,1.79
12/12/2019,1.9
13/12/2019,1.82
16/12/2019,1.89
17/12/2019,1.89
18/12/2019,1.92
19/12/2019,1.92
20/12/2019,1.92
23/12/2019,1.93
24/12/2019,1.9
26/12/2019,1.9
27/12/2019,1.88
30/12/2019,1.9
31/12/2019,1.92
2/1/2020,1.88
3/1/2020,1.8
6/1/2020,1.81
7/1/2020,1.83
8/1/2020,1.87
9/1/2020,1.85
10/1/2020,1.83
13/1/2020,1.85
14/1/2020,1.82
15/1/2020,1.79
16/1/2020,1.81
17/1/2020,1.84
21/1/2020,1.78
22/1/2020,1.77
23/1/2020,1.74
24/1/2020,1.7
27/1/2020,1.61
28/1/2020,1.65
29/1/2020,1.6
30/1/2020,1.57
31/1/2020,1.51
3/2/2020,1.54
4/2/2020,1.61
5/2/2020,1.66
6/2/2020,1.65
7/2/2020,1.59
10/2/2020,1.56
11/2/2020,1.59
12/2/2020,1.62
13/2/2020,1.61
14/2/2020,1.59
18/2/2020,1.55
19/2/2020,1.56
20/2/2020,1.52
21/2/2020,1.46
24/2/2020,1.38
25/2/2020,1.33
26/2/2020,1.33
27/2/2020,1.3
28/2/2020,1.13
2/3/2020,1.1
3/3/2020,1.02
4/3/2020,1.02
5/3/2020,0.92
6/3/2020,0.74
9/3/2020,0.54
10/3/2020,0.76
11/3/2020,0.82
12/3/2020,0.88
13/3/2020,0.94
16/3/2020,0.73
17/3/2020,1.02
18/3/2020,1.18
19/3/2020,1.12
20/3/2020,0.92
23/3/2020,0.76
24/3/2020,0.84
25/3/2020,0.88
26/3/2020,0.83
27/3/2020,0.72
30/3/2020,0.7
31/3/2020,0.7
1/4/2020,0.62
2/4/2020,0.63
3/4/2020,0.62
6/4/2020,0.67
7/4/2020,0.75
8/4/2020,0.77
9/4/2020,0.73
13/4/2020,0.76
14/4/2020,0.76
15/4/2020,0.63
16/4/2020,0.61
17/4/2020,0.65
20/4/2020,0.63
21/4/2020,0.58
22/4/2020,0.63
23/4/2020,0.61
24/4/2020,0.6
27/4/2020,0.67
28/4/2020,0.62
29/4/2020,0.63
30/4/2020,0.64
1/5/2020,0.64
4/5/2020,0.64
5/5/2020,0.66
6/5/2020,0.72
7/5/2020,0.63
8/5/2020,0.69
11/5/2020,0.73
12/5/2020,0.69
13/5/2020,0.64
14/5/2020,0.63
15/5/2020,0.64
18/5/2020,0.73
19/5/2020,0.7
20/5/2020,0.68
21/5/2020,0.68
22/5/2020,0.66
26/5/2020,0.69
27/5/2020,0.68
28/5/2020,0.7
29/5/2020,0.65
1/6/2020,0.66
2/6/2020,0.68
3/6/2020,0.77
4/6/2020,0.82
5/6/2020,0.91
8/6/2020,0.88
9/6/2020,0.84
10/6/2020,0.75
11/6/2020,0.66
12/6/2020,0.71
15/6/2020,0.71
16/6/2020,0.75
17/6/2020,0.74
18/6/2020,0.71
19/6/2020,0.7
22/6/2020,0.71
23/6/2020,0.72
24/6/2020,0.69
25/6/2020,0.68
26/6/2020,0.64
29/6/2020,0.64
30/6/2020,0.66
1/7/2020,0.69
2/7/2020,0.68
6/7/2020,0.69
7/7/2020,0.65
8/7/2020,0.67
9/7/2020,0.62
10/7/2020,0.65
13/7/2020,0.64
14/7/2020,0.63
15/7/2020,0.64
16/7/2020,0.62
17/7/2020,0.64
20/7/2020,0.62
21/7/2020,0.61
22/7/2020,0.6
23/7/2020,0.59
24/7/2020,0.59
27/7/2020,0.62
28/7/2020,0.59
29/7/2020,0.58
30/7/2020,0.55
31/7/2020,0.55
3/8/2020,0.56
4/8/2020,0.52
5/8/2020,0.55
6/8/2020,0.55
7/8/2020,0.57
10/8/2020,0.59
11/8/2020,0.64
12/8/2020,0.69
13/8/2020,0.71
14/8/2020,0.71
17/8/2020,0.69
18/8/2020,0.67
19/8/2020,0.68
20/8/2020,0.65
21/8/2020,0.64
24/8/2020,0.65
25/8/2020,0.69
26/8/2020,0.69
27/8/2020,0.74
28/8/2020,0.74
31/8/2020,0.72
1/9/2020,0.68
2/9/2020,0.66
3/9/2020,0.63
4/9/2020,0.72
8/9/2020,0.69
9/9/2020,0.71
10/9/2020,0.68
11/9/2020,0.67
14/9/2020,0.68
15/9/2020,0.68
16/9/2020,0.69
17/9/2020,0.69
18/9/2020,0.7
21/9/2020,0.68
22/9/2020,0.68
23/9/2020,0.68
24/9/2020,0.67
25/9/2020,0.66
28/9/2020,0.67
29/9/2020,0.66
30/9/2020,0.69
1/10/2020,0.68
2/10/2020,0.7
5/10/2020,0.78
6/10/2020,0.76
7/10/2020,0.81
8/10/2020,0.78
9/10/2020,0.79
12/10/2020,0.79
13/10/2020,0.74
14/10/2020,0.73
15/10/2020,0.74
16/10/2020,0.76
19/10/2020,0.78
20/10/2020,0.81
21/10/2020,0.83
22/10/2020,0.87
23/10/2020,0.85
26/10/2020,0.81
27/10/2020,0.79
28/10/2020,0.79
29/10/2020,0.85
30/10/2020,0.88
2/11/2020,0.87
3/11/2020,0.9
4/11/2020,0.78
5/11/2020,0.79
6/11/2020,0.83
9/11/2020,0.96
10/11/2020,0.98
11/11/2020,0.98
12/11/2020,0.88
13/11/2020,0.89
16/11/2020,0.91
17/11/2020,0.87
18/11/2020,0.88
19/11/2020,0.86
20/11/2020,0.83
23/11/2020,0.86
24/11/2020,0.88
25/11/2020,0.88
27/11/2020,0.84
30/11/2020,0.84
1/12/2020,0.92
2/12/2020,0.95
3/12/2020,0.92
4/12/2020,0.97
7/12/2020,0.94
8/12/2020,0.92
9/12/2020,0.95
10/12/2020,0.92
11/12/2020,0.9
14/12/2020,0.9
15/12/2020,0.92
16/12/2020,0.92
17/12/2020,0.94
18/12/2020,0.95
21/12/2020,0.95
22/12/2020,0.93
23/12/2020,0.96
24/12/2020,0.94
28/12/2020,0.94
29/12/2020,0.94
30/12/2020,0.93
31/12/2020,0.93
4/1/2021,0.93
5/1/2021,0.96
6/1/2021,1.04
7/1/2021,1.08
8/1/2021,1.13
11/1/2021,1.15
12/1/2021,1.15
13/1/2021,1.1
14/1/2021,1.15
15/1/2021,1.11
19/1/2021,1.1
20/1/2021,1.1
21/1/2021,1.12
22/1/2021,1.1
25/1/2021,1.05
26/1/2021,1.05
27/1/2021,1.04
28/1/2021,1.07
29/1/2021,1.11
1/2/2021,1.09
2/2/2021,1.12
3/2/2021,1.15
4/2/2021,1.15
5/2/2021,1.19
8/2/2021,1.19
9/2/2021,1.18
10/2/2021,1.15
11/2/2021,1.16
12/2/2021,1.2
16/2/2021,1.3
17/2/2021,1.29
18/2/2021,1.29
19/2/2021,1.34
22/2/2021,1.37
23/2/2021,1.37
24/2/2021,1.38
25/2/2021,1.54
26/2/2021,1.44
1/3/2021,1.45
2/3/2021,1.42
3/3/2021,1.47
4/3/2021,1.54
5/3/2021,1.56
8/3/2021,1.59
9/3/2021,1.55
10/3/2021,1.53
11/3/2021,1.54
12/3/2021,1.64
15/3/2021,1.62
16/3/2021,1.62
17/3/2021,1.63
18/3/2021,1.71
19/3/2021,1.74
22/3/2021,1.69
23/3/2021,1.63
24/3/2021,1.62
25/3/2021,1.63
26/3/2021,1.67
29/3/2021,1.73
30/3/2021,1.73
31/3/2021,1.74
1/4/2021,1.69
5/4/2021,1.73
6/4/2021,1.67
7/4/2021,1.68
8/4/2021,1.64
9/4/2021,1.67
12/4/2021,1.69
13/4/2021,1.64
14/4/2021,1.64
15/4/2021,1.56
16/4/2021,1.59
19/4/2021,1.61
20/4/2021,1.58
21/4/2021,1.57
22/4/2021,1.57
23/4/2021,1.58
26/4/2021,1.58
27/4/2021,1.63
28/4/2021,1.63
29/4/2021,1.65
30/4/2021,1.65
3/5/2021,1.63
4/5/2021,1.61
5/5/2021,1.59
6/5/2021,1.58
7/5/2021,1.6
10/5/2021,1.63
11/5/2021,1.64
12/5/2021,1.69
13/5/2021,1.66
14/5/2021,1.63
17/5/2021,1.64
18/5/2021,1.64
19/5/2021,1.68
20/5/2021,1.63
21/5/2021,1.63
24/5/2021,1.61
25/5/2021,1.56
26/5/2021,1.58
27/5/2021,1.61
28/5/2021,1.58
1/6/2021,1.62
2/6/2021,1.59
3/6/2021,1.63
4/6/2021,1.56
7/6/2021,1.57
8/6/2021,1.53
9/6/2021,1.5
10/6/2021,1.45
11/6/2021,1.47
14/6/2021,1.51
15/6/2021,1.51
16/6/2021,1.57
17/6/2021,1.52
18/6/2021,1.45
21/6/2021,1.5
22/6/2021,1.48
23/6/2021,1.5
24/6/2021,1.49
25/6/2021,1.54
28/6/2021,1.49
29/6/2021,1.49
30/6/2021,1.45
1/7/2021,1.48
2/7/2021,1.44
6/7/2021,1.37
7/7/2021,1.33
8/7/2021,1.3
9/7/2021,1.37
12/7/2021,1.38
13/7/2021,1.42
14/7/2021,1.37
15/7/2021,1.31
16/7/2021,1.31
19/7/2021,1.19
20/7/2021,1.23
21/7/2021,1.3
22/7/2021,1.27
23/7/2021,1.3
26/7/2021,1.29
27/7/2021,1.25
28/7/2021,1.26
29/7/2021,1.28
30/7/2021,1.24
2/8/2021,1.2
3/8/2021,1.19
4/8/2021,1.19
5/8/2021,1.23
6/8/2021,1.31
9/8/2021,1.33
10/8/2021,1.36
11/8/2021,1.35
12/8/2021,1.36
13/8/2021,1.29
16/8/2021,1.26
17/8/2021,1.26
18/8/2021,1.27
19/8/2021,1.24
20/8/2021,1.26
23/8/2021,1.25
24/8/2021,1.29
25/8/2021,1.35
26/8/2021,1.34
27/8/2021,1.31
30/8/2021,1.29
31/8/2021,1.3
1/9/2021,1.31
2/9/2021,1.29
3/9/2021,1.33
7/9/2021,1.38
8/9/2021,1.35
9/9/2021,1.3
10/9/2021,1.35
13/9/2021,1.33
14/9/2021,1.28
15/9/2021,1.31
16/9/2021,1.34
17/9/2021,1.37
20/9/2021,1.31
21/9/2021,1.33
22/9/2021,1.32
23/9/2021,1.41
24/9/2021,1.47
27/9/2021,1.48
28/9/2021,1.54
29/9/2021,1.55
30/9/2021,1.52
1/10/2021,1.48
4/10/2021,1.49
5/10/2021,1.54
6/10/2021,1.53
7/10/2021,1.58
8/10/2021,1.61
11/10/2021,1.61
12/10/2021,1.59
13/10/2021,1.56
14/10/2021,1.52
15/10/2021,1.59
18/10/2021,1.59
19/10/2021,1.65
20/10/2021,1.65
21/10/2021,1.68
22/10/2021,1.66
25/10/2021,1.64
26/10/2021,1.63
27/10/2021,1.54
28/10/2021,1.57
29/10/2021,1.55
1/11/2021,1.58
2/11/2021,1.56
3/11/2021,1.6
4/11/2021,1.53
5/11/2021,1.45
8/11/2021,1.51
9/11/2021,1.46
10/11/2021,1.56
11/11/2021,1.56
12/11/2021,1.58
15/11/2021,1.63
16/11/2021,1.63
17/11/2021,1.6
18/11/2021,1.59
19/11/2021,1.54
22/11/2021,1.63
23/11/2021,1.67
24/11/2021,1.64
26/11/2021,1.48
29/11/2021,1.52
30/11/2021,1.43
1/12/2021,1.43
2/12/2021,1.44
3/12/2021,1.35
6/12/2021,1.43
7/12/2021,1.48
8/12/2021,1.52
9/12/2021,1.49
10/12/2021,1.48
13/12/2021,1.42
14/12/2021,1.44
15/12/2021,1.47
16/12/2021,1.44
17/12/2021,1.41
20/12/2021,1.43
21/12/2021,1.48
22/12/2021,1.46
23/12/2021,1.5
27/12/2021,1.48
28/12/2021,1.49
29/12/2021,1.55
30/12/2021,1.52
31/12/2021,1.52
3/1/2022,1.63
4/1/2022,1.66
5/1/2022,1.71
6/1/2022,1.73
7/1/2022,1.76
10/1/2022,1.78
11/1/2022,1.75
12/1/2022,1.74
13/1/2022,1.7
14/1/2022,1.78
18/1/2022,1.87
19/1/2022,1.83
20/1/2022,1.83
21/1/2022,1.75
24/1/2022,1.75
25/1/2022,1.78
26/1/2022,1.85
27/1/2022,1.81
28/1/2022,1.78
31/1/2022,1.79
1/2/2022,1.81
2/2/2022,1.78
3/2/2022,1.82
4/2/2022,1.93
7/2/2022,1.92
8/2/2022,1.96
9/2/2022,1.94
10/2/2022,2.03
11/2/2022,1.92
14/2/2022,1.98
15/2/2022,2.05
16/2/2022,2.03
17/2/2022,1.97
18/2/2022,1.92
22/2/2022,1.94
23/2/2022,1.99
24/2/2022,1.96
25/2/2022,1.97
28/2/2022,1.83
1/3/2022,1.72
2/3/2022,1.86
3/3/2022,1.86
4/3/2022,1.74
7/3/2022,1.78
8/3/2022,1.86
9/3/2022,1.94
10/3/2022,1.98
11/3/2022,2
14/3/2022,2.14
15/3/2022,2.15
16/3/2022,2.19
17/3/2022,2.2
18/3/2022,2.14
21/3/2022,2.32
22/3/2022,2.38
23/3/2022,2.32
24/3/2022,2.34
25/3/2022,2.48
28/3/2022,2.46
29/3/2022,2.41
30/3/2022,2.35
31/3/2022,2.32
1/4/2022,2.39
4/4/2022,2.42
5/4/2022,2.54
6/4/2022,2.61
7/4/2022,2.66
8/4/2022,2.72
11/4/2022,2.79
12/4/2022,2.72
13/4/2022,2.7
14/4/2022,2.83
18/4/2022,2.85
19/4/2022,2.93
20/4/2022,2.85
21/4/2022,2.9
22/4/2022,2.9
25/4/2022,2.81
26/4/2022,2.77
27/4/2022,2.82
28/4/2022,2.85
29/4/2022,2.89
2/5/2022,2.99
3/5/2022,2.97
4/5/2022,2.93
5/5/2022,3.05
6/5/2022,3.12
9/5/2022,3.05
10/5/2022,2.99
11/5/2022,2.91
12/5/2022,2.84
13/5/2022,2.93
16/5/2022,2.88
17/5/2022,2.98
18/5/2022,2.89
19/5/2022,2.84
20/5/2022,2.78
23/5/2022,2.86
24/5/2022,2.76
25/5/2022,2.75
26/5/2022,2.75
27/5/2022,2.74
31/5/2022,2.85
1/6/2022,2.94
2/6/2022,2.92
3/6/2022,2.96
6/6/2022,3.04
7/6/2022,2.98
8/6/2022,3.03
9/6/2022,3.04
10/6/2022,3.15
13/6/2022,3.43
14/6/2022,3.49
15/6/2022,3.33
16/6/2022,3.28
17/6/2022,3.25
21/6/2022,3.31
22/6/2022,3.16
23/6/2022,3.09
24/6/2022,3.13
27/6/2022,3.2
28/6/2022,3.2
29/6/2022,3.1
30/6/2022,2.98
1/7/2022,2.88
5/7/2022,2.82
6/7/2022,2.93
7/7/2022,3.01
8/7/2022,3.09
11/7/2022,2.99
12/7/2022,2.96
13/7/2022,2.91
14/7/2022,2.96
15/7/2022,2.93
18/7/2022,2.96
19/7/2022,3.01
20/7/2022,3.04
21/7/2022,2.91
22/7/2022,2.77
25/7/2022,2.81
26/7/2022,2.81
27/7/2022,2.78
28/7/2022,2.68
29/7/2022,2.67
1/8/2022,2.6
2/8/2022,2.75
3/8/2022,2.73
4/8/2022,2.68
5/8/2022,2.83
8/8/2022,2.77
9/8/2022,2.8
10/8/2022,2.78
11/8/2022,2.87
12/8/2022,2.84
15/8/2022,2.79
16/8/2022,2.82
17/8/2022,2.89
18/8/2022,2.88
19/8/2022,2.98
22/8/2022,3.03
23/8/2022,3.05
24/8/2022,3.11
25/8/2022,3.03
26/8/2022,3.04
29/8/2022,3.12
30/8/2022,3.11
31/8/2022,3.15
1/9/2022,3.26
2/9/2022,3.2
6/9/2022,3.33
7/9/2022,3.27
8/9/2022,3.29
9/9/2022,3.33
12/9/2022,3.37
13/9/2022,3.42
14/9/2022,3.41
15/9/2022,3.45
16/9/2022,3.45
19/9/2022,3.49
20/9/2022,3.57
21/9/2022,3.51
22/9/2022,3.7
23/9/2022,3.69
26/9/2022,3.88
27/9/2022,3.97
28/9/2022,3.72
29/9/2022,3.76
30/9/2022,3.83
3/10/2022,3.67
4/10/2022,3.62
5/10/2022,3.76
6/10/2022,3.83
7/10/2022,3.89
10/10/2022,3.89
11/10/2022,3.93
12/10/2022,3.91
13/10/2022,3.97
14/10/2022,4
17/10/2022,4.02
18/10/2022,4.01
19/10/2022,4.14
20/10/2022,4.24
21/10/2022,4.21
24/10/2022,4.25
25/10/2022,4.1
26/10/2022,4.04
27/10/2022,3.96
28/10/2022,4.02
31/10/2022,4.1
1/11/2022,4.07
2/11/2022,4.1
3/11/2022,4.14
4/11/2022,4.17
7/11/2022,4.22
8/11/2022,4.14
9/11/2022,4.12
10/11/2022,3.82
11/11/2022,3.82
14/11/2022,3.88
15/11/2022,3.8
16/11/2022,3.67
17/11/2022,3.77
18/11/2022,3.82
21/11/2022,3.83
22/11/2022,3.76
23/11/2022,3.71
25/11/2022,3.68
28/11/2022,3.69
29/11/2022,3.75
30/11/2022,3.68
1/12/2022,3.53
2/12/2022,3.51
5/12/2022,3.6
6/12/2022,3.51
7/12/2022,3.42
8/12/2022,3.48
9/12/2022,3.57
12/12/2022,3.61
13/12/2022,3.51
14/12/2022,3.49
15/12/2022,3.44
16/12/2022,3.48
19/12/2022,3.57
20/12/2022,3.69
21/12/2022,3.68
22/12/2022,3.67
23/12/2022,3.75
27/12/2022,3.84
28/12/2022,3.88
29/12/2022,3.83
30/12/2022,3.88
3/1/2023,3.79
4/1/2023,3.69
5/1/2023,3.71
6/1/2023,3.55
9/1/2023,3.53
10/1/2023,3.61
11/1/2023,3.54
12/1/2023,3.43
13/1/2023,3.49
17/1/2023,3.53
18/1/2023,3.37
19/1/2023,3.39
20/1/2023,3.48
23/1/2023,3.52
24/1/2023,3.46
25/1/2023,3.46
26/1/2023,3.49
27/1/2023,3.52
30/1/2023,3.55
31/1/2023,3.52
1/2/2023,3.39
2/2/2023,3.4
3/2/2023,3.53
6/2/2023,3.63
7/2/2023,3.67
8/2/2023,3.63
9/2/2023,3.67
10/2/2023,3.74
13/2/2023,3.72
14/2/2023,3.77
15/2/2023,3.81
16/2/2023,3.86
17/2/2023,3.82
21/2/2023,3.95
22/2/2023,3.93
23/2/2023,3.88
24/2/2023,3.95
27/2/2023,3.92
28/2/2023,3.92
1/3/2023,4.01
2/3/2023,4.08
3/3/2023,3.97
6/3/2023,3.98
7/3/2023,3.97
8/3/2023,3.98
9/3/2023,3.93
10/3/2023,3.7
13/3/2023,3.55
14/3/2023,3.64
15/3/2023,3.51
16/3/2023,3.56
17/3/2023,3.39
20/3/2023,3.47
21/3/2023,3.59
22/3/2023,3.48
23/3/2023,3.38
24/3/2023,3.38
27/3/2023,3.53
28/3/2023,3.55
29/3/2023,3.57
30/3/2023,3.55
31/3/2023,3.48
3/4/2023,3.43
4/4/2023,3.35
5/4/2023,3.3
6/4/2023,3.3
10/4/2023,3.41
11/4/2023,3.43
12/4/2023,3.41
13/4/2023,3.45
14/4/2023,3.52
17/4/2023,3.6
18/4/2023,3.58
19/4/2023,3.6
20/4/2023,3.54
21/4/2023,3.57
24/4/2023,3.52
25/4/2023,3.4
26/4/2023,3.43
27/4/2023,3.53
28/4/2023,3.44
1/5/2023,3.59
2/5/2023,3.44
3/5/2023,3.38
4/5/2023,3.37
5/5/2023,3.44
8/5/2023,3.52
9/5/2023,3.53
10/5/2023,3.43
11/5/2023,3.39
12/5/2023,3.46
15/5/2023,3.5
16/5/2023,3.54
17/5/2023,3.57
18/5/2023,3.65
19/5/2023,3.7
22/5/2023,3.72
23/5/2023,3.7
24/5/2023,3.73
25/5/2023,3.83
26/5/2023,3.8
30/5/2023,3.69
31/5/2023,3.64
1/6/2023,3.61
2/6/2023,3.69
5/6/2023,3.69
6/6/2023,3.7
7/6/2023,3.79
8/6/2023,3.73
9/6/2023,3.75
12/6/2023,3.73
13/6/2023,3.84
14/6/2023,3.83
15/6/2023,3.72
16/6/2023,3.77
20/6/2023,3.74
21/6/2023,3.72
22/6/2023,3.8
23/6/2023,3.74
26/6/2023,3.72
27/6/2023,3.77
28/6/2023,3.71
29/6/2023,3.85
30/6/2023,3.81
3/7/2023,3.86
5/7/2023,3.95
6/7/2023,4.05
7/7/2023,4.06
10/7/2023,4.01
11/7/2023,3.99
12/7/2023,3.86
13/7/2023,3.76
14/7/2023,3.83
17/7/2023,3.81
18/7/2023,3.8
19/7/2023,3.75
20/7/2023,3.85
21/7/2023,3.84
24/7/2023,3.86
25/7/2023,3.91
26/7/2023,3.86
27/7/2023,4.01
28/7/2023,3.96
31/7/2023,3.97
1/8/2023,4.05
2/8/2023,4.08
3/8/2023,4.2
4/8/2023,4.05
7/8/2023,4.09
8/8/2023,4.02
9/8/2023,4
10/8/2023,4.09
11/8/2023,4.16
14/8/2023,4.19
15/8/2023,4.21
16/8/2023,4.28
17/8/2023,4.3
18/8/2023,4.26
21/8/2023,4.34
22/8/2023,4.34
23/8/2023,4.19
24/8/2023,4.23
25/8/2023,4.25
28/8/2023,4.2
29/8/2023,4.12
30/8/2023,4.12
31/8/2023,4.09
1/9/2023,4.18
5/9/2023,4.27
6/9/2023,4.3
7/9/2023,4.27
8/9/2023,4.26
11/9/2023,4.29
12/9/2023,4.27
13/9/2023,4.25
14/9/2023,4.29
15/9/2023,4.33
18/9/2023,4.32
19/9/2023,4.37
20/9/2023,4.35
21/9/2023,4.49
22/9/2023,4.44
25/9/2023,4.55
26/9/2023,4.56
27/9/2023,4.61
28/9/2023,4.59
29/9/2023,4.59
2/10/2023,4.69
3/10/2023,4.81
4/10/2023,4.73
5/10/2023,4.72
6/10/2023,4.78
9/10/2023,4.78
10/10/2023,4.66
11/10/2023,4.58
12/10/2023,4.7
13/10/2023,4.63
16/10/2023,4.71
17/10/2023,4.83
18/10/2023,4.91
19/10/2023,4.98
20/10/2023,4.93
23/10/2023,4.86
24/10/2023,4.83
25/10/2023,4.95
26/10/2023,4.86
27/10/2023,4.84
30/10/2023,4.88
31/10/2023,4.88
1/11/2023,4.77
2/11/2023,4.67
3/11/2023,4.57
6/11/2023,4.67
7/11/2023,4.58
8/11/2023,4.49
9/11/2023,4.62
10/11/2023,4.61
13/11/2023,4.63
14/11/2023,4.44
15/11/2023,4.53
16/11/2023,4.45
17/11/2023,4.44
20/11/2023,4.42
21/11/2023,4.41
22/11/2023,4.42
24/11/2023,4.47
27/11/2023,4.39
28/11/2023,4.34
29/11/2023,4.27
30/11/2023,4.37
1/12/2023,4.22
4/12/2023,4.28
5/12/2023,4.18
6/12/2023,4.12
7/12/2023,4.14
8/12/2023,4.23
11/12/2023,4.23
12/12/2023,4.2
13/12/2023,4.04
14/12/2023,3.92
15/12/2023,3.91
18/12/2023,3.95
19/12/2023,3.93
20/12/2023,3.86
21/12/2023,3.89
22/12/2023,3.9
26/12/2023,3.89
27/12/2023,3.79
28/12/2023,3.84
29/12/2023,3.88
2/1/2024,3.95
3/1/2024,3.91
4/1/2024,3.99
5/1/2024,4.05
8/1/2024,4.01
9/1/2024,4.02
10/1/2024,4.04
11/1/2024,3.98
12/1/2024,3.96
16/1/2024,4.07
17/1/2024,4.1
18/1/2024,4.14
19/1/2024,4.15
22/1/2024,4.11
23/1/2024,4.14
24/1/2024,4.18
25/1/2024,4.14
26/1/2024,4.15
29/1/2024,4.08
30/1/2024,4.06
31/1/2024,3.99
1/2/2024,3.87
2/2/2024,4.03
5/2/2024,4.17
6/2/2024,4.09
7/2/2024,4.09
8/2/2024,4.15
9/2/2024,4.17
12/2/2024,4.17
13/2/2024,4.31
14/2/2024,4.27
15/2/2024,4.24
16/2/2024,4.24